{
  "accuracy": 0.8333333333333334,
  "f1_macro": 0.8241418379989293,
  "report": {
    "happy": {
      "precision": 0.8076923076923077,
      "recall": 0.9438202247191011,
      "f1-score": 0.8704663212435233,
      "support": 89.0
    },
    "sad": {
      "precision": 0.8153846153846154,
      "recall": 0.828125,
      "f1-score": 0.8217054263565892,
      "support": 64.0
    },
    "angry": {
      "precision": 0.7872340425531915,
      "recall": 0.8409090909090909,
      "f1-score": 0.8131868131868132,
      "support": 44.0
    },
    "relaxed": {
      "precision": 1.0,
      "recall": 0.6545454545454545,
      "f1-score": 0.7912087912087912,
      "support": 55.0
    },
    "accuracy": 0.8333333333333334,
    "macro avg": {
      "precision": 0.8525777414075286,
      "recall": 0.8168499425434117,
      "f1-score": 0.8241418379989291,
      "support": 252.0
    },
    "weighted avg": {
      "precision": 0.8480457485776635,
      "recall": 0.8333333333333334,
      "f1-score": 0.830783147516661,
      "support": 252.0
    }
  }
}