{
  "accuracy": 0.8134920634920635,
  "f1_macro": 0.8016683814480825,
  "report": {
    "happy": {
      "precision": 0.7924528301886793,
      "recall": 0.9438202247191011,
      "f1-score": 0.8615384615384616,
      "support": 89.0
    },
    "sad": {
      "precision": 0.8305084745762712,
      "recall": 0.765625,
      "f1-score": 0.7967479674796748,
      "support": 64.0
    },
    "angry": {
      "precision": 0.7551020408163265,
      "recall": 0.8409090909090909,
      "f1-score": 0.7956989247311828,
      "support": 44.0
    },
    "relaxed": {
      "precision": 0.9210526315789473,
      "recall": 0.6363636363636364,
      "f1-score": 0.7526881720430108,
      "support": 55.0
    },
    "accuracy": 0.8134920634920635,
    "macro avg": {
      "precision": 0.8247789942900561,
      "recall": 0.7966794879979571,
      "f1-score": 0.8016683814480825,
      "support": 252.0
    },
    "weighted avg": {
      "precision": 0.8236636063191838,
      "recall": 0.8134920634920635,
      "f1-score": 0.8098309331196821,
      "support": 252.0
    }
  }
}